,R2,Intercept,LotFrontage,LotArea,OverallQual,OverallCond,YearBuilt,YearRemodAdd,MasVnrArea,ExterQual,ExterCond,BsmtQual,BsmtCond,BsmtFinType1,BsmtFinSF1,BsmtFinSF2,BsmtUnfSF,TotalBsmtSF,HeatingQC,1stFlrSF,2ndFlrSF,LowQualFinSF,GrLivArea,BedroomAbvGr,KitchenAbvGr,KitchenQual,TotRmsAbvGrd,Functional,Fireplaces,FireplaceQu,GarageYrBlt,GarageFinish,GarageCars,GarageArea,GarageQual,GarageCond,PavedDrive,WoodDeckSF,OpenPorchSF,EnclosedPorch,3SsnPorch,ScreenPorch,PoolArea,PoolQC,Fence,MoSold,YrSold,Gar2,Shed,TenC,MSZoning_FV,MSZoning_RH,MSZoning_RL,MSZoning_RM,Street_Pave,Alley_No,Alley_Pave,LotShape_IR2,LotShape_IR3,LotShape_Reg,LandContour_HLS,LandContour_Low,LandContour_Lvl,Utilities_NoSeWa,LotConfig_CulDSac,LotConfig_FR2,LotConfig_FR3,LotConfig_Inside,LandSlope_Mod,LandSlope_Sev,Neighborhood_Blueste,Neighborhood_BrDale,Neighborhood_BrkSide,Neighborhood_ClearCr,Neighborhood_CollgCr,Neighborhood_Crawfor,Neighborhood_Edwards,Neighborhood_Gilbert,Neighborhood_IDOTRR,Neighborhood_MeadowV,Neighborhood_Mitchel,Neighborhood_NAmes,Neighborhood_NPkVill,Neighborhood_NWAmes,Neighborhood_NoRidge,Neighborhood_NridgHt,Neighborhood_OldTown,Neighborhood_SWISU,Neighborhood_Sawyer,Neighborhood_SawyerW,Neighborhood_Somerst,Neighborhood_StoneBr,Neighborhood_Timber,Neighborhood_Veenker,Condition1_Feedr,Condition1_Norm,Condition1_PosA,Condition1_PosN,Condition1_RRAe,Condition1_RRAn,Condition1_RRNe,Condition1_RRNn,BldgType_2fmCon,BldgType_Duplex,BldgType_Twnhs,BldgType_TwnhsE,HouseStyle_1.5Unf,HouseStyle_1Story,HouseStyle_2.5Fin,HouseStyle_2.5Unf,HouseStyle_2Story,HouseStyle_SFoyer,HouseStyle_SLvl,RoofStyle_Gable,RoofStyle_Gambrel,RoofStyle_Hip,RoofStyle_Mansard,RoofStyle_Shed,RoofMatl_CompShg,RoofMatl_Membran,RoofMatl_Metal,RoofMatl_Roll,RoofMatl_Tar&Grv,RoofMatl_WdShake,RoofMatl_WdShngl,Exterior1st_AsphShn,Exterior1st_BrkComm,Exterior1st_BrkFace,Exterior1st_CBlock,Exterior1st_CemntBd,Exterior1st_HdBoard,Exterior1st_ImStucc,Exterior1st_MetalSd,Exterior1st_Plywood,Exterior1st_Stone,Exterior1st_Stucco,Exterior1st_VinylSd,Exterior1st_Wd Sdng,Exterior1st_WdShing,Exterior2nd_AsphShn,Exterior2nd_Brk Cmn,Exterior2nd_BrkFace,Exterior2nd_CBlock,Exterior2nd_CmentBd,Exterior2nd_HdBoard,Exterior2nd_ImStucc,Exterior2nd_MetalSd,Exterior2nd_Other,Exterior2nd_Plywood,Exterior2nd_Stone,Exterior2nd_Stucco,Exterior2nd_VinylSd,Exterior2nd_Wd Sdng,Exterior2nd_Wd Shng,MasVnrType_BrkFace,MasVnrType_None,MasVnrType_Stone,Foundation_CBlock,Foundation_PConc,Foundation_Slab,Foundation_Stone,Foundation_Wood,BsmtExposure_Gd,BsmtExposure_Mn,BsmtExposure_NoBsmt,BsmtExposure_NoExposure,BsmtFinType2_BLQ,BsmtFinType2_GLQ,BsmtFinType2_LwQ,BsmtFinType2_Rec,BsmtFinType2_Unf,Heating_GasA,Heating_GasW,Heating_Grav,Heating_OthW,Heating_Wall,CentralAir_Y,Electrical_FuseF,Electrical_FuseP,Electrical_Mix,Electrical_SBrkr,GarageType_Attchd,GarageType_Basment,GarageType_BuiltIn,GarageType_CarPort,GarageType_Detchd,GarageType_No,SaleType_CWD,SaleType_Con,SaleType_ConLD,SaleType_ConLI,SaleType_ConLw,SaleType_New,SaleType_Oth,SaleType_WD,SaleCondition_AdjLand,SaleCondition_Alloca,SaleCondition_Family,SaleCondition_Normal,SaleCondition_Partial,TotalBath,Bedroom/Bathroom
0.001,0.9130815780764522,-1283907.9359345115,49.083746732042016,0.448824321842487,7771.60809988302,5491.949726027468,192.8334300712985,7.681357094987192,22.99369333368748,3157.6205809649455,-2013.5263780789426,5733.204861664867,-2616.5686375633113,556.7976921412549,14.209874200515236,5.292566111291294,1.356453327405578,17.45256320340026,599.2012580197473,10.15371210396256,32.802503971411284,-5.493491343272414,28.008635339784465,-7687.929769359124,-15058.067946984995,7293.573626662886,3915.5328480732887,8262.24761054062,7836.290315568153,-2028.5135831510847,-0.3759374209642931,1448.1969637070065,6102.227419151333,11.770935743380365,7107.525399089418,-3037.5645970038304,1102.3918903952112,14.11707652824377,5.3002673536864675,-5.852147757403656,46.67990469199303,42.58416258757091,-6.842216315712915,22942.220118414276,-826.4408440428011,-615.545996853204,30.594292072727647,-0.49366544533514245,2.3953703530423147,-31.03788695765888,27535.651528996987,23195.845795139176,19714.64458347761,17125.085170127473,28876.741333727332,1731.6276658910172,1965.975897268473,9314.193739982164,5772.221054581701,1624.1626993480127,11344.35760894169,-6111.814858853337,7761.651320487338,-46796.248985426755,11241.595442639451,-7082.935283571429,-13409.78660579641,-1288.4350091549418,5507.609617510426,-16234.363519171613,6051.723049171577,12272.632130714379,4292.453800888046,-10440.252786668909,-7302.519456122242,16224.708604644877,-16261.519663565845,-9382.827263628807,-5656.775959693624,2546.138659161229,-13204.86080725167,-12002.326329530948,12940.190549338984,-12525.677068399813,29272.80216590629,35159.44006402431,-9729.436419530559,-3043.9891874530426,-4414.5900494775915,-2571.713121400122,1669.4889964640636,47668.373426237384,-4550.639976961335,523.8981401222367,-8248.85521419484,24379.214127232473,155.74477676163735,-22502.929648300764,-28323.868927688054,4239.450419431229,-22888.439992084976,14218.69510038071,-4434.502849263426,-8874.87603676958,-29243.39993574291,-23763.610750608994,12335.935159638551,14854.338960405701,-22318.851470853897,667.6668398651167,-5865.281253900751,4894.8958134258655,6644.926867875432,756.1950311884818,1850.7363218847472,4861.9375174089055,11969.669708854733,44802.897498489656,574251.3487175186,627508.5750888932,609735.7297878949,551850.1626197994,563254.5121403916,559826.044629929,654147.4382564188,-26501.956058886517,-21056.388578142683,3252.9727087079855,-7660.860554726164,-15940.528203183485,-14302.80648729041,-44494.81697860743,-3799.4965254449944,-17252.901194395166,-519.1999615398505,-3703.922254506548,-18508.59405216652,-12878.632301862726,-9389.612274875728,12734.122841762015,12315.024537292797,2974.873884455603,-7660.860554725687,16341.599437281286,5328.838208754881,24914.724476430485,1952.084317221837,-21865.24609313135,6428.658637026798,2648.559017168669,-3795.2481229954424,14133.889195824897,7250.966503304043,607.582260693763,5377.822393325316,9295.303579626168,11754.260619494611,2994.814324083293,3041.8522896014665,2722.188162697694,3503.283017776518,-25149.128952419527,14714.971332505036,-5026.67874014824,7676.574506299716,-5095.458721900451,-14283.781603376106,-9289.619733960062,-14636.164420630954,-12017.22429482389,-10666.444041499519,14941.356123756414,13917.922368602463,15298.237443239537,-25436.35957434887,24875.724244904253,-375.20418965579887,-843.8032784281401,966.9526072245227,14184.234946602752,-2174.7236189297146,13455.769963714614,21849.632007332224,12492.38469310451,16876.15401533044,16888.067306709803,39957.52446531398,13244.67939073315,26789.002137978518,16929.490902281414,9671.863018730335,-2294.0004088568553,25772.26041725166,12104.828360471118,1349.8699177474293,8670.012440459097,11858.814986778701,-1675.6958659254965,7135.323108426225,-631.6106834719634,6386.5644759601655,5667.649882236158
5.264105263157894,0.7449824011264126,-189902.1806620252,61.06841237275948,0.14061757298254854,2772.8452441327136,341.83194003488006,50.416800710188994,91.28899021866457,12.68780633105451,5237.036185833774,463.5988239630238,2598.047073786609,860.7275132594532,613.2792313636676,4.04904758481295,0.5883649166784731,1.723214774223613,6.208709570495574,1632.0744481730856,7.810772411828768,4.268494483682758,2.53866518411077,7.1545850090196845,1126.966674511326,-2527.608311776405,4503.373387031948,1756.794925258125,1533.0217411966257,3363.5853817647276,1268.0310147017244,1.0330490796890168,2011.7811305774076,3503.0457274447194,12.051574215359798,840.8549605905628,697.756052366195,1109.1288264888276,11.49539707474825,18.748419212988164,-2.825426299761297,7.786671924711357,13.89866821070176,9.717687061895061,2693.674525521107,-357.2581544351891,41.70561846164828,-41.52160030328667,-0.0141488930796598,-0.21195537883510263,0.6953030146523489,1492.0322757281292,-1165.9081800098377,2268.916591687341,-2885.2298339402723,4424.664499495427,1506.7673764101103,-568.9297156880115,3899.684386471404,-3015.5104050073905,-2135.238827435416,3543.2718107813757,1432.6902302640908,-537.8887876547628,-7603.223985928944,3335.4223753248884,-1456.3929518908576,148.68638712030562,-801.6851411071112,1975.0620983448025,593.4315648523867,-2666.5153894537425,-4460.797855970781,-712.1689306540159,1789.172499453131,-595.464220100475,4579.549141146921,-3669.3074519165043,-2051.7670513377334,-3290.566358246628,-6236.171549889715,-2465.3730658011555,-2515.129809009878,-2131.1353676958315,-694.6047385839647,13137.80818344046,9799.170953632416,-2013.9209307487974,-1506.7726669205147,-2669.954082634954,-229.34101141836126,2057.1308949762597,11164.28631827741,2443.7689952992782,4795.466311784755,-2854.671717876286,2518.8394924839267,3762.8374422021975,-47.32847450888684,-3725.4292815166464,-469.76762377432885,-1691.4529283770546,222.23534742771272,-2296.8422371259685,-2373.621693792619,-3971.0249121714023,-2084.953732201408,-1444.6078555311528,-809.9208874504953,4772.6255787040145,526.0174485985104,2009.5965511720851,-2904.475243534773,-1971.7950754216638,-2931.7973397188152,-134.46454797112563,3126.2798231313227,456.7042359966305,2835.6239903804067,-3087.9149109894565,6758.622388955187,-929.7547088556615,-4151.252333154787,-1193.9067959550255,2602.233661413313,22271.825917225364,-696.0460359667946,-5760.174279472752,3288.3002574204834,-3676.80044238495,3728.612456276695,-1406.0320155338648,4361.680767535936,-1080.1113757870448,-793.4023813768172,5486.361509406964,-909.4476186958219,1426.5525114579104,-1031.9087026279049,-1414.8225100687612,-1415.159537132504,-2714.310118406032,2052.374307137043,-3676.8004423849516,3500.4017076923265,-1052.2671121139094,7026.09609068959,-1056.4239863218772,7259.041326994853,-1148.1625959996504,1039.1414508441433,-1707.2341833746452,1503.225853272324,-871.1996215468055,-699.4275066527051,959.3476478361735,-2215.7148204806836,4661.00139114543,-2729.1724454180758,3363.7667929442086,-1278.4730700901157,865.7636582753588,-527.9430580020768,5922.004441721955,585.9929907654368,-1516.2882893961573,-2823.5472396592772,-1968.1953810197683,591.2484548799229,-803.8879670742775,-1055.720958129547,735.9387481800077,294.9093386907592,1397.8267854897222,-2839.243377445657,-1869.002506872109,-1543.3980504971985,2758.1969745037404,-2009.035568541762,-987.4777131695129,-5386.10282852533,1964.9470906135314,1637.9771437319882,-1716.3632214120464,4377.946099897722,-4603.6554308176865,-2461.889163699462,-1697.6527235337173,3958.958853544805,7678.551688618792,-2178.3893704579114,1849.9910794751422,-1744.735764373587,4987.894025292089,-2126.503801511431,-2520.388120867221,-1912.2594018054185,661.8666527956369,-2921.6551284204998,-984.0903325578072,4779.514393395937,2833.511680083568,-2099.37280419829
10.527210526315788,0.6423319927770483,-91311.17738882123,47.886975915279784,0.10145970907646709,2019.7735640261822,63.51743712436402,44.647940891440065,73.60671986101119,9.329812353022094,3968.3316967014493,304.951344485463,2045.0442199851086,870.1125580959434,462.3276205892511,2.9851110234213363,0.1934010947280839,1.448252631175737,4.725608875331463,1328.698741183997,5.7229453065825275,2.9812859498558213,0.948773499760551,5.133529046078719,839.3286919711331,-1846.4502430936661,3371.115834969906,1263.70487296002,996.3985989438299,2552.4696178277395,977.9647563327284,1.1859632483967923,1720.6285972307014,2718.3061293350847,9.34235516601402,849.4160802257154,767.0463420942335,1058.720508401427,8.73547893808757,15.107558324708316,-3.6693644113087625,5.398481808710882,9.181315440824655,7.840326639903706,2057.8045756286133,-322.4599003954698,45.104897412236845,-46.89972964308151,-0.02558163843109057,-0.3285367156116491,1.0170380407913566,1200.2985073768057,-1313.1531857460086,1818.4006770334743,-2355.2617617684755,2747.4549469387357,1307.7585621987114,-477.0808562508731,2819.068180830473,-590.9006271925841,-1739.5868869233389,2527.9435474128522,1140.06644290683,-489.04587855490774,-4045.7622566293576,2265.2816781429547,-728.8456194565506,595.6775205602968,-625.567255303575,1262.6825436249424,793.1893260018606,-1991.0149111448177,-3456.168971698275,-1285.9192035784065,1478.2139799661409,-23.601284000702673,2678.8915999475603,-2541.1074215930016,-768.0690421430897,-2822.323774380323,-4249.412709740556,-1569.7013870368532,-1839.3487049478529,-1758.7834020956866,-147.86912667401162,8666.237552931228,6786.084832642679,-1771.877789518154,-1197.4887047063771,-2045.0569401071753,-24.584692918019552,1684.8297418187249,7234.463840945989,2207.196271382132,3212.526024827419,-1918.2417883107912,1419.150184930589,2758.8661722331144,714.0395109323673,-2305.8259753043435,-255.27477424618266,-589.8647787178468,60.60563497583466,-1780.9525981940321,-1827.219030623098,-2605.0810586214984,-951.5408090552505,-1786.2703804669811,-594.5088011664502,3166.6069701543374,63.20302636996239,1655.148657585712,-2157.47812343784,-1169.7107322491158,-2127.7152453570216,-467.9892745548875,2275.0679781123567,298.3333169904213,2024.7677190186569,-2682.998685112,4079.816326033149,-521.3112422944178,-2541.4683885953004,-336.7940293992022,2301.8132505908407,13660.992544603427,-1401.1615396951918,-4480.379314116488,1800.6803319913658,-2991.1501889043057,2659.3857403009506,-1033.8387983133753,3637.68275724431,-1094.5019168628494,-457.82448317590683,3977.846729971311,-551.2369827278669,1431.4111071552602,-987.935984492896,-1113.4570231490693,-1280.0076292423753,-2225.8517147431908,1322.3938578345494,-2991.150188904303,2524.6327159956845,-769.5390233691372,4387.113504822564,-1074.3105943359858,5793.770860228808,-767.0835073062696,57.3797348535754,-1003.1026790232115,1470.8118163775873,-947.6313502175751,-564.4802462473997,1012.2631542363183,-2027.0834173432295,3710.740831748836,-2184.5499140249794,2840.921904080353,-1769.8855956179475,325.55118032477145,-141.89952446978435,4119.448382247511,537.0858911141963,-1886.0696558674633,-2028.9910586022454,-1399.5336917773616,303.823136848683,-657.4343126591881,-725.5546701074672,781.3576114527434,798.1663040219735,570.1551125324337,-2936.34342778458,-1385.0900697562176,-2028.51101447097,2486.398446798717,-2057.781768341666,-1800.131037749646,-4354.872173114494,1997.3940468511464,1616.3491774228828,-1116.2583430558132,3347.0942136105905,-3280.8615242149895,-2174.9272086410942,-2054.90665363693,2341.4383604325244,4950.336749051999,-1693.945125386604,1234.3662841689936,-1390.9764608139888,3968.0202547688696,-1991.9354374793347,-2084.0547214260737,-2074.1887424730894,11.113789547267613,-1862.9363715114348,-983.3644743604184,3828.8946848508685,2187.7008205639345,-1765.7948926475046
15.790315789473683,0.5617386359308301,-39454.67522204621,39.07840886135347,0.08010290615313335,1614.537614233223,-15.656292383865676,38.910256719584076,61.506475293065805,7.469180928873592,3222.966037919107,224.78444314812086,1695.6501913615832,789.5026722087364,377.31484579034054,2.3898684361425566,0.06754877584305546,1.221963650057085,3.8350444896311955,1113.0341264807162,4.561773909684411,2.3208047159310494,0.2890121768848543,4.049618135769105,663.6293097507406,-1517.9019352073014,2724.070525106564,996.4280973355951,767.2752201265113,2059.727489409804,794.9557551807872,1.1177087224964468,1469.9388623006241,2235.4639220754857,7.6678007943991835,774.9160420237373,716.7048982650044,955.1648722394638,7.08829993723105,12.493448716146125,-3.637401175036276,4.278251021341119,6.94684844980491,6.443177588589342,1657.479676207088,-280.2082758644802,40.07148866781054,-43.08436633385797,-0.026228793704763727,-0.3299655421537666,0.9606930369895533,1023.4956986876679,-1228.2253665685962,1517.4248346131699,-1981.421523687377,2058.25297243616,1139.4656106734553,-407.3228687492693,2237.9467928402883,52.3728239955317,-1449.9675950379099,1992.8417874891816,918.9798774361831,-389.7963235698138,-2741.1323318939053,1760.9145623724858,-457.8714238127687,630.0601174393242,-510.4009070223761,921.1993569994498,731.982330954863,-1593.197171070411,-2793.2388290431745,-1307.2591254666404,1209.2066767419249,149.96913443923032,1883.368785553126,-2005.4895401403946,-336.2070188377942,-2425.8915920773743,-3284.2943409144405,-1166.0680829772393,-1471.0683486466608,-1432.9928911356724,5.192996173683129,6592.9005864635465,5308.029343256799,-1554.634480085298,-1033.167668643746,-1652.80284676225,39.02477835521134,1432.774662752112,5476.470929462584,1907.5414495240436,2447.4446777664443,-1497.501686679589,1021.9891420828449,2182.8485589049114,793.6928975821409,-1708.0136175137502,-145.33690774723297,-247.57579142901298,20.67720769641299,-1508.3632382090443,-1515.7252712464424,-1974.301027886688,-552.8686114922748,-1713.6205571941393,-459.6446003228632,2316.377464407677,-128.5694999831612,1381.0801516519793,-1724.5230539290362,-828.8867904918818,-1678.1012131115895,-547.5314981425488,1799.819211990863,204.45361120526363,1619.6285762705472,-2231.7174454187902,2970.827102637644,-320.52032255420386,-1871.1389672701694,-109.72560305259381,1963.090842184056,10000.95456809215,-1524.2829117909807,-3670.9972209469815,1205.7990754908467,-2486.713337769942,2087.982401869931,-815.5429683658934,2966.0412732405907,-990.2577938173454,-316.84538593385446,3116.4752549304994,-446.9205526437154,1303.619132850737,-900.6926278744073,-931.9422565180687,-1135.0134246627283,-1841.887701340726,951.805389217305,-2486.713337769945,1992.229867082159,-604.8925304949938,3247.0922699788434,-972.9136654828225,4748.004838652465,-582.1781288024831,-251.36686444061795,-772.2743429232014,1330.5143837030405,-891.8202120676784,-498.8219759460727,922.9298919539493,-1764.112624335398,3067.8566955798237,-1806.9368861106714,2415.751640940499,-1733.4184841153574,97.01048625400618,-31.36861614263752,3212.6129596467235,452.23355836447394,-1803.961704615351,-1607.5771163274972,-1107.8210027651617,186.835706437496,-548.5127318574188,-572.5288437317023,716.0795467831183,897.8819310421043,246.29144304585503,-2698.0024493670753,-1236.8394468528645,-1994.6165625755316,2192.943789401781,-1887.6373359949214,-1834.144592310174,-3630.2203370606812,1811.2813608535491,1454.314097712985,-841.7148110464907,2724.161136497719,-2592.500136118521,-1877.323473359088,-1962.6953889909719,1665.3714579693878,3731.625437517258,-1388.1239291332786,926.5707968794702,-1161.7104249741424,3297.384438487389,-1749.3372654134375,-1755.9030865228808,-1924.1658411998924,-150.08285347479364,-1388.4373888933799,-877.3148168794294,3190.30927761453,1787.9228218473,-1498.577251286742
21.053421052631577,0.49784150503612484,-5493.573340708739,32.98012990826731,0.06637283547808723,1351.1089608183302,-44.81350456771073,34.19709637072199,52.78845102986195,6.251571813053057,2720.969669026298,177.76760681761348,1449.606032357711,707.3733051214335,320.0632490933816,2.000016925951763,0.014021244716556837,1.0520800156537686,3.233640433817329,956.2225695721717,3.805451564380567,1.9077750368744244,-0.018615068595553737,3.3565040116547116,548.3678009885107,-1300.2577472429768,2293.2989772559313,825.2373032105158,631.6565121862955,1728.840963666478,670.1476579096064,1.020069809103904,1276.135902555966,1901.3030142668451,6.512270092511181,696.961968391093,651.91299227611,856.068705489552,5.977165562327109,10.630704017322037,-3.4116229851587017,3.5755936549596066,5.612399477190219,5.448747161510191,1386.9664946145135,-245.26255648837437,35.1706317328923,-38.57213598716384,-0.024797069002079012,-0.3093332360854049,0.8657961724194425,892.8751213319721,-1117.0750071675336,1301.4972957625666,-1707.3824514325502,1664.7900368242902,1003.3015334598458,-354.3052002798454,1863.4823893770897,280.93156184731646,-1240.3802367763894,1651.6163198281408,765.6797423775539,-316.9815817463441,-2067.53401001985,1451.8882519017197,-321.9033292261048,596.6725114644864,-430.94124633113586,722.6033816208412,649.8308843869121,-1329.8320676605638,-2341.9427759741943,-1228.3327932585778,1016.19453384771,211.6374455680204,1447.164738073273,-1671.0199147626088,-145.28740027011963,-2115.545350865972,-2692.9045045025546,-931.2655915045278,-1230.8511204816875,-1201.0235130443484,61.919757228662846,5355.1966576286395,4388.417897439998,-1374.1846557229928,-911.1129159230445,-1387.4733964866973,62.54214832137281,1244.9363598799564,4440.269260187607,1662.0037426152737,1987.1229546371956,-1241.423849661534,810.8894954946038,1808.356950207967,759.8262523045041,-1366.3472990718026,-88.32777241363661,-100.24687563236927,5.088505025548989,-1314.5549028862492,-1300.0343197210457,-1597.906294309046,-361.003530099161,-1574.956629213118,-373.0891254741075,1811.1339157091375,-209.58132378325666,1180.992721367748,-1438.8997704558806,-640.8312418649367,-1388.7546691498378,-550.5067144527728,1493.1812573672953,147.33727773471182,1355.0564497768694,-1892.9417359785316,2347.2227914706714,-217.1402139029831,-1496.0420778301848,-25.50313602289505,1693.7064511125552,7928.044751515229,-1488.475522507414,-3113.6387835911664,892.6323174487401,-2122.9176757092905,1725.6149796369386,-673.6735213026207,2490.533581839963,-884.6733825947375,-240.90613421492606,2564.788042348105,-389.43215322874715,1171.6171756391507,-813.2177877833319,-802.9782252627848,-1009.3356736180683,-1565.02473847645,736.879354262761,-2122.917675709291,1651.340930344792,-498.4176786042448,2593.9694452302306,-869.4837072305288,4017.592791525818,-471.59156710187506,-362.39786944210607,-646.7742783142854,1192.1499724262144,-816.0079700656249,-446.2948773767879,827.1945499640694,-1544.3552021515345,2613.8190896817523,-1539.227499835091,2092.3562459762366,-1607.365010967963,-10.1948657761466,12.21279111611663,2647.373469579653,385.91868873787314,-1655.337255763156,-1337.5250347413262,-921.7742726298203,127.57592587439314,-469.1061164194027,-477.58698302003336,643.8794170837269,888.5809504440629,92.74369984205114,-2434.9878801338637,-1125.1023578873437,-1859.5105208142656,1942.3377506540817,-1703.3174738637344,-1728.1842694677296,-3109.6979702882772,1621.7995954848943,1297.3713329549887,-680.9354669353078,2300.8104340823284,-2155.846688799599,-1637.9081950638283,-1802.1995225110875,1292.1285584061636,3017.7482664023437,-1178.6071505921127,742.1771528809206,-997.6929770907201,2820.6275869936235,-1538.732581980745,-1512.6745020850215,-1743.748999256462,-201.08393434966183,-1113.435479354208,-776.7760076514236,2732.9032134369554,1513.7270589267257,-1296.5312328027007
26.31652631578947,0.44638236920569807,18970.85054701232,28.527049570399097,0.05673684754099737,1163.8063687568047,-56.28931154536284,30.40303525931973,46.22233849324088,5.384127518244044,2357.0277108676573,146.99119011296673,1266.2611550563574,636.0038830723109,278.32247201662153,1.7223095974801839,-0.011998542667101245,0.9222670429296731,2.797927882436308,837.6997149376818,3.269231535542763,1.6224599235459107,-0.17388029095515803,2.8708183998013825,467.22937352882843,-1140.224183721888,1982.9801279695437,705.3082506843467,539.4934491496211,1490.6887346317742,579.5113027334978,0.9272170005749982,1125.2355326176896,1655.0315524476346,5.662904363530001,628.3055091205882,591.5617864049987,770.7068462867043,5.172311811895464,9.247213168171363,-3.154638685089049,3.0815680903904825,4.717492968399838,4.715250062669058,1192.453952393852,-217.29471566586435,31.11610260153726,-34.567415661748825,-0.022981733909481914,-0.2853124159618323,0.7772449469902992,791.4052026847593,-1013.5153775855154,1139.1299928151627,-1498.9074188686336,1404.7359606203518,893.6522344657056,-313.05435096447616,1599.281470402158,369.4983228835611,-1083.0401671765774,1412.6650944470587,655.1817074783512,-264.92882210281533,-1657.5635244735856,1239.1939794426053,-242.4698185762601,551.4560953395061,-372.9414687750396,593.351498906713,576.9999691460365,-1142.0535234025429,-2016.3594053855657,-1133.3430425114138,874.5986269460947,232.27318128859204,1172.6480754749605,-1437.02718419732,-48.18520499321969,-1871.4702356598493,-2287.9505243609674,-776.5180346169826,-1059.9028378172177,-1031.8165335945446,84.96496603477947,4521.701993455318,3750.874791149852,-1227.0030275799836,-814.3333759670571,-1196.101572024088,71.18395167137685,1099.686279729583,3746.40424733482,1467.2992108843462,1676.651228268413,-1064.626495596429,676.9905543143026,1544.7445018547287,704.1929248433918,-1142.1822588019836,-55.93570254704092,-26.47076450838719,-2.2105539284477627,-1165.6332815152557,-1139.3431858958515,-1345.0007601483856,-253.19210958916378,-1436.6294450015298,-313.50630529459454,1480.655597972444,-243.16491128596235,1030.524748876242,-1235.5305600115191,-521.8661178738712,-1185.9758835085524,-528.8726468380344,1277.6297771958377,110.75671730575935,1166.050904579988,-1639.1291724069217,1943.791951534507,-157.4674648034297,-1252.5504262780896,11.350474165477948,1484.2615991136008,6581.797122963235,-1407.6271899926828,-2705.1176131042394,702.2783159430694,-1850.7717247729383,1473.1726125857422,-574.1191519321873,2144.309842585434,-793.5181653751051,-193.8338922247565,2180.814031503244,-348.4827224805647,1055.7830500429618,-735.9020273079834,-705.613437912088,-904.7912539106742,-1359.1925485233653,598.4342727318167,-1850.7717247729388,1412.508527400356,-423.97827501176573,2165.844365091372,-780.0147161351665,3482.0288408117317,-397.35839448637034,-400.28439167113726,-562.5313391315744,1072.432048081835,-743.6965436504752,-402.5300274149136,743.3327981815705,-1368.1255296192032,2276.8476984520353,-1340.4034562667716,1842.3877935144399,-1473.6330347018336,-64.4156076800213,31.77604915079604,2256.511202523795,335.48794107313347,-1508.6496351478295,-1147.4836824890813,-790.9536277383055,93.23311437365386,-409.38121219621416,-411.234396391862,579.8616850980203,846.5477919970948,11.85494068284352,-2199.60912942547,-1028.8242079154293,-1712.1240460194583,1736.1072104099974,-1538.9250078076798,-1598.4232024913754,-2719.1200781645093,1457.4563681120683,1163.3649083048408,-573.8848655774129,1992.8875880506023,-1849.8498375699423,-1448.4008659451038,-1643.883561906913,1055.3021175740384,2541.9439735673463,-1025.1755242444358,619.2633280491349,-874.2304421979676,2464.225497370146,-1367.1146488734196,-1327.2163509170352,-1578.8834877000345,-215.4891584611298,-932.0666213624285,-692.5323414453192,2389.6788250475142,1313.265780881251,-1140.8385757241667
31.579631578947367,0.4042429690938316,37585.84600921991,25.135136233979807,0.04957866625024415,1023.0596846021546,-60.38025527313682,27.32404027717471,41.103247082870446,4.73193609404312,2080.1484995846417,125.3007630122358,1124.2004910364442,575.8134163041767,246.38051176170111,1.5135569174764951,-0.02554520780846858,0.8204359646572705,2.4668940066806626,745.1375630074702,2.8676995973718524,1.4126797102736852,-0.25538377021409336,2.5100934479396617,407.0512985165082,-1016.2545941264187,1747.8473082656785,616.297719847036,471.9304167224382,1310.77258845184,510.6314138891792,0.845549502025179,1005.3224446053027,1465.6426761164828,5.01103509771566,569.9336507920892,538.9117491704353,698.7260650112622,4.56079815350829,8.181286786804911,-2.9107538478279107,2.71162169574943,4.072964438951671,4.154212433853418,1045.9160102651097,-194.7434739478052,27.821319346273228,-31.186118672923477,-0.021217049549055816,-0.26256669043448255,0.7013539871192223,710.2937971101139,-923.2195191562455,1012.6591778369168,-1335.334589592943,1218.0433079355237,804.4259280927488,-280.19537912243464,1401.9683312287777,401.3570508489008,-960.8841458587882,1235.2192417993738,572.2072448404041,-226.64914044480247,-1382.2831519811577,1082.5750426246846,-191.4199690049846,507.4033461370359,-328.7479243145823,502.77850491077896,516.2971716410041,-1001.1698905323435,-1770.5262132260375,-1042.8154113862363,767.0623132702226,235.7887203319016,984.4597740586904,-1262.5017359575859,5.478112651691942,-1676.1015811941872,-1991.4587974391704,-666.4614526345048,-931.436379242534,-903.8156830258561,93.96679479946835,3918.4188485176464,3279.5601552817416,-1106.3496238050748,-735.5555073903782,-1051.4452287729066,73.51053419397654,984.2622469103878,3245.600743174004,1311.43763195697,1451.9576808117872,-933.7544899624218,583.2534311872787,1348.8167310232886,648.1424009570707,-982.7673674638033,-36.15357915873805,13.77334843534879,-5.9443572403039315,-1046.9440027005458,-1014.4023589445899,-1162.481395261479,-186.48359127563688,-1312.7326238131309,-270.1539696948229,1249.168714324264,-254.77787307571455,913.7125841762137,-1083.0496339634526,-439.92682151869684,-1035.5706962107977,-499.92410733082374,1117.3117622686755,86.11529913305532,1023.7448514836519,-1443.878068405296,1660.2741339722984,-119.91779842726552,-1080.1353088426624,28.89608070642215,1319.0192889723205,5632.964015870492,-1317.5229639789102,-2392.253408329942,575.6119958205242,-1640.0856427728133,1286.426711902748,-500.36260892359945,1882.2427000228263,-717.0454766462178,-161.9316791202986,1897.7846065944834,-316.2642355174372,957.4611144867989,-669.6683576076599,-629.3241869859372,-818.0995389358092,-1200.8229642942936,502.4741451937169,-1640.0856427728131,1235.1601978277051,-368.9873551218369,1861.806989429306,-704.8968822627722,3072.8596746453045,-343.80974530439954,-407.5255714278437,-500.01960675847664,971.4814622504559,-679.7164047096134,-365.8208810054733,672.5187804796547,-1225.9697934772325,2016.921592409343,-1187.0489388276862,1644.5549141537797,-1351.0174952279751,-92.86954860440103,40.9550629421066,1968.5109883713485,296.36690577028963,-1377.857207066097,-1005.7449557837624,-693.3804780553452,71.46264923720229,-363.00462024379254,-361.7105258323777,525.4371910114376,796.1317984701293,-33.5571603959379,-1997.9560625997829,-945.091110847077,-1574.8641254510374,1566.367644681283,-1398.1860219083142,-1473.706982082612,-2415.5000754676344,1319.0461547155621,1051.3617057501938,-496.9041043727205,1758.351454868191,-1621.9982109880657,-1296.481835321367,-1502.4888777479084,891.6677735306528,2199.651767946398,-907.5909843175391,531.4149356622607,-777.9068826667148,2187.7301778494625,-1227.4559195623153,-1181.690127151111,-1436.3380584594167,-215.62874298201038,-802.7429842823306,-623.0863862812338,2122.8117828650993,1160.0657647630853,-1017.8459907019388
36.84273684210525,0.36919225180587856,52280.93570294746,22.46567894769099,0.04404204282931891,913.1443051998784,-61.09245308200704,24.79036655012938,37.00204467028176,4.22258686876772,1862.0657321142417,109.19392100351857,1010.8441012301636,525.1336320561988,221.09215297545177,1.3505544213943692,-0.03278955384187051,0.7386162153833319,2.2065157945415526,670.9091245417083,2.5551397033316867,1.251589281036262,-0.2982103313728898,2.2309965152350624,360.64137132634414,-916.9755096338445,1563.1599987024886,547.4825264055435,419.94259393492445,1169.9133856811875,456.4750293420476,0.7750953088801825,908.064147603216,1315.3375003416004,4.494484072845819,520.5200348996794,493.6802297755926,638.0145239968593,4.079756797211094,7.335408181439192,-2.6911310191971105,2.42289122107518,3.5855170542846135,3.711893790908549,931.5456689262679,-176.2884779891242,25.12385559612079,-28.349396781315086,-0.019615363812171726,-0.24218930594184335,0.6373405670577633,644.0362505776748,-845.6808928562241,911.3985978115027,-1203.7118308681443,1076.6666501384536,730.7935947873144,-253.46847725157488,1248.6276603468843,407.82209555112615,-863.3922500254885,1097.9275882738298,507.74804647711704,-197.58076959277216,-1184.9028122053703,961.9352302364696,-156.3641014020298,467.63431107932604,-293.9490851962584,435.9007801345331,466.0571978999154,-891.4562600595608,-1578.322138520462,-961.5871774702648,682.8461073039404,231.72674633144194,847.6536051300603,-1126.7105244118213,36.68005587257366,-1516.7879738220356,-1764.2728853306585,-584.0234660935502,-831.1319050481553,-803.8520725699324,96.50202334298233,3459.999372554557,2915.6551558608076,-1006.3093426001809,-670.2737041661686,-938.1903291709427,72.96497294814178,890.4717457879333,2865.6254222338953,1184.603531290911,1281.3208151786212,-832.4057126549216,513.4144293382323,1197.32584400001,597.0200217973344,-863.1726982044103,-23.39836781490075,36.850781546034156,-7.928446174897142,-950.0240047515698,-914.2998666454716,-1024.2034425177999,-142.35447946294386,-1204.8732740595394,-237.25164299647776,1078.6611393531957,-255.67071735147525,820.5408393693376,-964.3451982762767,-380.1039448400371,-919.3891976667478,-469.9682861286338,993.1828120867123,68.7906548279904,912.5780656852804,-1289.6051316927235,1449.6865304937212,-94.72314245781747,-950.9181747192016,37.49531690535327,1186.047800735568,4926.509650602496,-1230.241226199887,-2144.712711294764,485.8680637799375,-1472.3182097636375,1142.3445828573847,-443.49505401279583,1677.2476931974793,-652.9238875868894,-138.93817072285015,1680.3064535237502,-289.7606974196302,874.3032469862808,-613.2089856620029,-567.9014445160159,-745.6721938543403,-1075.3773171183773,432.33366564493946,-1472.3182097636384,1097.9568468478687,-326.68541475927265,1634.0179738034135,-641.8867349685177,2750.049212185634,-303.2345119695081,-401.14095763729614,-450.9974312856037,886.4215611528948,-624.2296263397849,-334.80985156151183,612.919472243603,-1109.6384819947145,1810.327803232264,-1065.1941908789847,1484.505588705795,-1242.9391222284169,-107.77972251553119,45.12308885725339,1746.8441642599062,265.28114670213915,-1264.2634619419198,-895.6752423266873,-617.591795030224,56.747628077761895,-326.007246812639,-323.1315691127932,479.4308195594078,745.8716561964044,-60.00676809904059,-1826.4876223478539,-872.2884741322736,-1452.6275207795068,1425.318106726488,-1278.5091501966517,-1361.1605280969318,-2172.785347233432,1202.6199442364714,957.5728856570264,-438.6299142531888,1573.558353425108,-1445.141914757147,-1172.5991202433083,-1379.48075356419,771.8586619392008,1940.5527833229978,-814.4489335297712,465.4692009498706,-700.6640462181098,1966.9913217816095,-1112.5346126084098,-1064.651480022309,-1314.501733863428,-209.86474785096044,-705.5611486486592,-565.5289117855117,1909.4460127520338,1039.0681114710133,-918.4653127502528
42.10584210526315,0.3396267690136625,64199.6375273469,20.309931485257476,0.03962761660629769,824.8028135585183,-60.190328830907475,22.67540130270799,33.64338256032675,3.813270766846057,1685.6862386617272,96.76083246862314,918.2735791581798,482.1827643879158,200.5508037029269,1.2195833895265296,-0.03661040711332245,0.6715152184212915,1.9961924879976674,610.0839490622179,2.3046369122536308,1.1238355782868448,-0.3195791081472402,2.0083568133187866,323.7556633171618,-835.5282676712129,1414.0925220706602,492.6279432718394,378.55259304389097,1056.565163899251,412.75647394691947,0.7144331767061822,827.7310807781585,1193.093143274278,4.074870761655214,478.4813771226447,454.83166537061885,586.4567239822512,3.6911463668740416,6.647984475963418,-2.496702721699609,2.190713642545162,3.203444149002313,3.354457915766722,839.7858065501094,-160.95329387340053,22.886853679340977,-25.95654267697694,-0.018193346012035875,-0.22424084083572027,0.5832380316639708,588.9424171115979,-779.1045759151947,828.5102654585511,-1095.577423261845,965.5061256960478,669.1743762238666,-231.33421087484456,1125.8665117048172,402.341772560125,-783.8150311058295,988.4032074409791,456.2786854986626,-174.8696515350277,-1036.56218153252,865.9298178420955,-131.08237802393336,432.5457961582002,-265.83171993553105,384.5557128954402,424.1938309234948,-803.5446640415807,-1423.8950964295757,-890.0285529577525,615.1898629057658,224.3133477127951,743.8418724926206,-1017.7792274663435,55.34380510208372,-1384.6562184508125,-1584.3045211828187,-519.8954906539669,-750.538840445272,-723.7091484952191,95.89704715078985,3099.1469490255745,2625.6138121393765,-922.3144117201182,-615.3757764488503,-847.0731350037175,71.08837652745105,812.8279571796513,2566.769708637567,1079.6785129354478,1147.0968499426276,-751.3565794242751,459.1036280242497,1076.6191321516296,551.7627345214227,-769.944440449027,-14.826669460249441,50.42073179804399,-8.978432392891026,-869.3877634756234,-832.237329214801,-915.6620382868065,-111.68133129664336,-1111.517473830795,-211.45049356666743,948.1749331442436,-251.2176405841385,744.5447905116295,-869.2471932994981,-334.53277787266546,-826.8552441473632,-441.35567180747023,894.1233755827462,56.1715728341513,823.2803907749543,-1164.8484146698454,1286.9041311080416,-76.9686392225207,-850.1223959273942,41.58253847966976,1077.017412055888,4379.294958213332,-1149.6795356531534,-1943.8489281170685,419.27876406829574,-1335.6256926614296,1027.6436410306364,-398.29253391782765,1512.5747919728917,-598.7615618643767,-121.60387837776972,1507.8558022548214,-267.4172366842452,803.5962566043606,-564.8972857494905,-517.3804091762786,-684.5332640382106,-973.6147487572198,378.97097904353194,-1335.6256926614287,988.5086665084831,-293.1231558136847,1456.654037458149,-588.6519128730807,2488.821122553539,-271.3674505117527,-388.6822032995463,-411.19409978336193,814.2722430445059,-576.2483833315756,-308.38718079483766,562.4531882796251,-1012.9873754956392,1642.169981809949,-966.0424482149248,1352.5368320525688,-1148.664325585125,-115.16652010372995,46.70078858146358,1570.66536636416,240.03702202756017,-1166.0801071091748,-807.5936688587308,-556.9283496005628,46.309731251551476,-295.8262522675126,-292.14342082271827,440.3542081481945,698.7557077797045,-75.64481872815071,-1680.1841579563775,-808.8643558908057,-1345.2172428099245,1306.7308344206376,-1176.369095527633,-1261.5882675883136,-1974.3494752331758,1104.0198750058196,878.3815518337493,-392.8613343787927,1424.1072597808352,-1303.6099527286106,-1069.904327592333,-1273.0080733128432,680.3643381831258,1737.1204786065532,-738.7751133651756,414.12687194229284,-637.349605211249,1786.696159200427,-1016.6935953030462,-968.5649651962927,-1210.1995578056803,-201.7269765726427,-629.7140805301643,-517.3119319103638,1734.9917602033145,941.0344837054538,-836.5921276762829
47.36894736842105,0.3143778323080233,74071.71101486564,18.5324635610282,0.03602333078173456,752.1887939180539,-58.5175301715766,20.886404334958467,30.842744476448573,3.476897970192957,1540.0116207704245,86.87294404945469,841.244974760116,445.4596872030842,183.5234840277796,1.1119644098015693,-0.038476374748241476,0.6155246286988706,1.82267406736097,559.344676638805,2.099230155584712,1.01995721596184,-0.3285676552084316,1.826474932319685,293.7316516801371,-767.4436435409177,1291.1652967938862,447.8451683613185,344.74755330692847,963.3460170422428,376.71197769612775,0.6619867626210817,760.3236148381498,1091.6956058773844,3.7271466195011596,442.43502156202294,421.2987750797278,542.2888494941863,3.3705046497105986,6.078360875551271,-2.3252879881966906,1.999689754226251,2.895644492364649,3.0597056818216344,764.5246326096212,-148.0301905781634,21.0068848659248,-23.920182089790504,-0.01693844298026395,-0.20848717810099787,0.5371727701080723,542.4402703833774,-721.6496635463558,759.4189754137371,-1005.1925898739275,875.6163790179639,616.9397574698636,-212.71820990671935,1025.2832302645172,391.2220752822968,-717.6451919209164,898.9240316056967,414.2528281788858,-156.6917221416397,-921.0614029189189,787.6022061191758,-112.1468860751282,401.75876369622773,-242.63650797944928,343.9278995760014,388.94521128956916,-731.4948891500698,-1297.0821390960905,-827.2381672162238,559.6810721027508,215.54811092332048,662.4443356961914,-928.3275623813655,66.60826629845658,-1273.4253736155497,-1438.0538483995767,-468.5509987792401,-684.3146640293952,-658.0575000663581,93.74418332633108,2807.349976931906,2388.7303240380947,-850.9397153259758,-568.6214737837065,-772.1575566228832,68.62066629655548,747.5324133577249,2325.21616011853,991.5734595855009,1038.635212486341,-684.9449286515209,415.52472240731987,978.1378651811895,512.0243204075908,-695.133302109504,-8.878883124787738,58.420394154535,-9.500694405424813,-801.2663279491477,-763.717302805287,-828.1174412522828,-89.52931310543502,-1030.537474654988,-190.68638326410206,845.2788680448886,-244.13841619158148,681.3981237128942,-791.31565088096,-298.6761094177842,-751.369305898246,-414.8891188152517,813.1787431496492,46.70638568032799,749.9514466548471,-1061.9658033400538,1157.2144468563565,-63.965364973338616,-769.1186790004664,43.261309193575336,986.1221497992552,3942.5343448461463,-1076.7084586129095,-1777.5349004207708,368.08693427292695,-1222.1294534208032,934.085406912563,-361.48849268136036,1377.4035968901778,-552.5774879547896,-108.08104463414688,1367.696737723701,-248.2734998345962,742.9909810570089,-523.274228389001,-475.0963805006951,-632.3709310284628,-889.4289786473461,337.0863420926308,-1222.1294534208032,899.0925885364937,-265.83859676118954,1314.468648555979,-543.2531084282912,2273.0519901003813,-245.6453954860197,-373.7293522878229,-378.0844997794998,752.5345226240514,-534.6198014602076,-285.67127319668737,519.3451339150532,-931.5531323325837,1502.6269930632445,-883.78930633095,1241.939440730161,-1066.448784123219,-118.2109431258951,46.88282536210344,1427.127771090528,219.15023954510715,-1080.986565255289,-735.4431412102938,-507.2257563948309,38.621457274755414,-270.74582086813746,-266.6650038294124,406.89848719412396,655.6590001325243,-84.8184205376412,-1554.4764759770767,-753.3848413279467,-1251.0280477832905,1205.8697262329108,-1088.5789708411032,-1173.9247976048312,-1809.1012980323658,1019.7623316785729,810.8536038512162,-355.9006151286232,1300.6969892588027,-1187.6437205849575,-983.5102616301,-1180.6210745270332,608.2187583304157,1572.91004396699,-676.0421248912439,373.01196624122514,-584.5124568135692,1636.6666739991433,-935.7205873146818,-888.3061376811739,-1120.3710169228762,-192.81327517583696,-568.7942059223714,-476.45175576186153,1589.7104857081736,859.9680563040685,-768.0220898491418
52.63205263157894,0.2925791993456447,82388.12260308934,17.041617731622058,0.033023661759493714,691.4124422077206,-56.500174966219554,19.35505432971447,28.471948533985795,3.1954275479240035,1417.6233094646925,78.82091016497624,776.1442083833823,413.7735023561849,169.17392304554195,1.0219187220958224,-0.03918762631548003,0.5681137321612045,1.6770322559748312,516.3811760332028,1.92766675542026,0.9337876626555864,-0.33023149578505223,1.675019739553238,268.8150435860388,-709.6555075741736,1188.0134968125749,410.57609082127465,316.57973705790033,885.309033389863,346.4774139477328,0.6163593114866107,702.9880405017346,1006.2172785009595,3.4342408809370597,411.2634890502587,392.1585729123926,504.11229631880593,3.1013487803902158,5.5986655609120675,-2.17397730760895,1.83963199271224,2.642233995977561,2.812518647840667,701.6725297437158,-137.00265314722958,19.40729342588855,-22.170703402253267,-0.015830557662475347,-0.19463408806048732,0.4976032774038938,502.6840966771923,-671.7279833208477,700.9496235225505,-928.5367341649859,801.3212112865722,572.145960332769,-196.85203509070558,941.3206741879653,377.5983944851866,-661.7647333271015,824.4094666714392,379.29943506729427,-141.84307470122712,-828.6138968405055,722.4229394109905,-97.53096061396698,374.71562743837904,-223.172686781368,310.99788669065526,358.94055978145036,-671.3528791620535,-1191.069396685375,-772.0469395395846,513.3336037095354,206.4138691875329,596.9509106439799,-853.4926481352105,73.32131554943204,-1178.56779480367,-1316.7678192662818,-426.4943360689988,-628.9033839279613,-603.3073060110953,90.85211706023871,2566.32228544737,2191.463320231981,-789.6193584484087,-528.3584696626983,-709.4614251629218,65.93312644695192,691.8797094395655,2125.7390039876823,916.6123631311382,949.1029801017679,-629.4721398747781,379.70883659771056,896.2376332353127,477.131341125739,-633.7206787067765,-4.6469920652951,63.01893294899688,-9.713219447025274,-742.9715487869038,-705.6328072901774,-755.9719422375927,-73.03475136112229,-959.9285290420277,-173.62105171626666,762.1621051093388,-235.86633843244996,628.1064522213036,-726.2675095527006,-269.73464697841735,-688.5913756145142,-390.7400608888269,745.7648436629124,39.430342763831,688.6470047695218,-975.7093250986544,1051.407795864664,-54.141376971685276,-702.4986747595756,43.60746353953371,909.2465104847184,3585.63389563261,-1011.0657011046443,-1637.5284122338785,327.6114255810873,-1126.3970992846,856.2717541738343,-330.93448999833953,1264.4562999478658,-512.8166270304813,-97.24392632919937,1251.4986774310605,-231.67125378483405,690.5960338335125,-487.13796293020033,-439.1887469698615,-587.4162474149957,-818.6369524977875,303.38028181813354,-1126.3970992846002,824.6288972742848,-243.2166733252098,1197.8464054086758,-504.16537074395205,2091.8012823395075,-224.42970314768326,-358.0470007302012,-350.03943926285547,699.226215614633,-498.2992977545736,-265.97110616942155,482.1832682347739,-862.075947790386,1384.962295015584,-814.452716662582,1147.9550869058685,-994.4809613472785,-118.68713843254956,46.29860151127911,1307.8492235929896,201.59173638090837,-1006.8336802378409,-675.2241230953817,-465.7342962047737,32.78446867358439,-249.57798170115885,-245.3254460526413,378.00625478147305,616.6266137400148,-89.98757916640129,-1445.6026427844752,-704.6031980960053,-1168.2232134226465,1119.1605557005003,-1012.5199187481182,-1096.6629232027562,-1669.3638380052505,947.092247436424,752.7052956319432,-325.3942447879688,1197.0410711110017,-1090.8169726314477,-909.8829064760907,-1100.0335024895242,549.8780688280694,1437.4423864359421,-623.1737183412166,339.3402901401525,-539.7537716527975,1509.8745063076115,-866.4937982243288,-820.2822194068078,-1042.436752268115,-183.87129893389178,-518.7472549066733,-441.44372162289744,1466.857890619669,791.8005171059651,-709.7811978405758
57.89515789473683,0.27357782459881574,89492.70668932001,15.77315373285664,0.030487517597667987,639.7784730504117,-54.36090320493048,18.03035624989656,26.43921698070775,2.956353517243652,1313.3267982403092,72.13658236650129,720.3983018575052,386.1939282534313,156.91345794506174,0.94544140642025,-0.03920251017130235,0.5274603456941239,1.5530229624259562,479.5368138925918,1.782172514966177,0.8611278596852499,-0.3275088071329759,1.5469006934183716,247.8030097030609,-659.9795443139806,1100.1959531009766,379.06595180209916,292.72653403790736,819.0113406351865,320.74886242328535,0.5763923203412142,653.6425561717255,933.1743381285025,3.1841069972357117,384.08368331352534,366.65444424065413,470.8322567308456,2.8721507265234867,5.189166234861691,-2.039939829517509,1.7035002089700955,2.4298827951664297,2.602262077424321,648.3895812091284,-127.48819943593247,18.03101756203401,-20.653882533456194,-0.014849359745145231,-0.18240233132310088,0.4633116653926053,468.31694228237683,-628.0395093317252,650.8305610456421,-862.7130405744923,738.82718599425,533.3365235916806,-183.17333224028124,870.1477456085385,363.08741048098335,-613.9504210798625,761.3727593311912,349.7765096289074,-129.50327908365304,-752.9627892775877,667.3046730307747,-85.96859578940696,350.8695381556225,-206.6054106247843,283.77869055009637,333.13352779279575,-620.3821785388787,-1101.1172687412252,-723.3379517910234,474.06022855228383,197.39937518864727,543.1407613420661,-789.925509802939,77.14633158145817,-1096.7544779929747,-1214.506136306876,-391.4030375883083,-581.8408370929753,-556.958313495998,87.6478872381926,2363.762497304272,2024.5540270242923,-736.4140232386657,-493.34459369163443,-656.21208016664,63.21615946831044,643.8946096840606,1958.1179718336296,852.0949920977364,873.9044254593977,-582.4069109099712,349.7088192991498,827.0419640189356,446.3896686050457,-582.3732326380992,-1.5760500632940064,65.47679502662498,-9.739544219936716,-692.531839335327,-655.7639291040651,-695.4666576234316,-60.441813751006336,-897.9810171574172,-159.35011210086074,693.6837812243655,-227.17583472158114,582.5350329860072,-671.1402620451813,-245.88856267974163,-635.5461235879461,-368.82320922968444,688.7322915973932,33.71961598595989,636.6268413991011,-902.370727587684,963.4152595236724,-46.52729069118341,-646.6856198206415,43.20310674857841,843.4118524942396,3288.399635396155,-952.097991496402,-1518.0253990620795,294.87124844632257,-1044.5657334247965,790.5102462845555,-305.1588450480263,1168.6642290328564,-478.27339458696343,-88.36863103161353,1153.5785960933497,-217.13128161426297,644.9198867205575,-455.52509671487854,-408.3180636146518,-548.3131976798107,-758.2815603800428,275.69706518515386,-1044.565733424796,761.6324851916328,-224.1535316947744,1100.4078851347258,-470.2053442545288,1937.383290054908,-206.62126021106718,-342.5166703233798,-325.94254575365153,652.7974671232556,-466.4083979478322,-248.74594122590773,449.86434855254055,-802.1415016245408,1284.4010831274074,-755.2105451699982,1067.126692731742,-931.1511975844983,-117.62711726669976,45.29591095142269,1207.1131476663556,186.629345806844,-941.8028287691599,-624.1824943313986,-430.5601674887237,28.241433965320496,-231.47559749511976,-227.180201119981,352.84361710962094,581.3879360893384,-92.61083858942587,-1350.5585241140934,-661.470999077875,-1095.104937928395,1043.8900521568344,-946.1015683816603,-1028.3237240314459,-1549.656360649058,883.8618570706811,702.1730930915701,-299.7675671061385,1108.7329797307416,-1008.7112233401494,-846.4210958296948,-1029.3016038598244,501.7304034801521,1323.7014976528362,-578.0025279382422,311.2553584756639,-501.3544454816361,1401.3104718769282,-806.6787095778221,-761.9049415404593,-974.3108856947389,-175.24921411452564,-476.876163644223,-411.14686397805536,1361.6172342645764,733.6718748346775,-659.7127755177502
63.15826315789473,0.25687339155292244,95634.05166548546,14.68070908217809,0.028314720100012673,595.3571402487189,-52.217737933707184,16.873671111284633,24.677130162881706,2.75072077429436,1223.3721728655871,66.4985466621399,672.1252011816744,361.99415746010675,146.31507892748783,0.8796652434040476,-0.03879393619094425,0.49222128394140796,1.4461440737586344,447.5933342637153,1.6571969664009851,0.7990156901655915,-0.3221647962015028,1.4370829941739842,229.84323717418638,-616.8131973590555,1024.515324880678,352.06948653837907,272.2547622221114,761.9811370636546,298.5863833204703,0.5411459613621191,610.7366962071569,870.0325776388758,2.967995548576439,360.2001334614938,344.17672976555554,441.59105765251775,2.674597861106547,4.835506182466251,-1.9206701011364016,1.5862591601439147,2.2493086676756264,2.421244374142738,602.6419036256494,-119.19894318619801,16.83507395661082,-19.327568471642028,-0.013976598237970058,-0.1715485966344639,0.43334462330288687,438.3201312284749,-589.5376903794989,607.394030957184,-805.5832852441702,685.4940713870046,499.403976406897,-171.26194273843328,809.0334875490262,348.5361851893624,-572.5753040322049,707.3380469618584,324.51224716532903,-119.09668793550956,-689.9233555988968,620.0652054397069,-76.63302668543264,329.7390654043321,-192.33190816350054,260.91047461653716,310.72472772053675,-576.6274983479933,-1023.8264294825524,-680.1362229111448,440.3603522245414,188.74245456583336,498.1598133160671,-735.2378601069917,79.0962720026909,-1025.490662370949,-1127.0877074206257,-361.67217431579513,-541.362931013479,-517.2180082568347,84.36192792959321,2191.0745818525384,1881.4432967984885,-689.8399697725166,-462.6303265782681,-610.4186635493593,60.56713902121544,602.1032924353061,1815.221932471886,796.0020908882288,809.8294832374947,-541.9524162776519,324.1889447636254,767.7987109118952,419.1774795174381,-538.7860590578911,0.6869777145007041,66.55780070504385,-9.652677432018796,-648.4680316633506,-612.4805411158724,-643.9801664137067,-50.62501604246518,-843.2864833953656,-147.2409646569895,636.3288401188606,-218.4891264770337,543.1224117691926,-623.8178829029218,-225.90405128710591,-590.1235616656857,-348.95703083785816,639.8432941502398,29.156957134034357,591.9264638089489,-839.2613351247935,889.0706957229341,-40.498504228969445,-599.212011767733,42.37688347160138,786.4173529757978,3036.9474447144094,-899.0600611558369,-1414.8173661704193,267.8839405819521,-973.8149939268108,734.1859898088092,-283.1192189226638,1086.390764625555,-448.01132356789924,-80.96902904181516,1069.9241582102666,-204.29140141513665,604.7894572939291,-427.66848225239085,-381.495301751001,-514.0137605697684,-706.2149054651992,252.57154308145255,-973.8149939268111,707.6292599355448,-207.86886026194318,1017.7466133001308,-440.4533234759258,1804.2396191811738,-191.45399569032472,-327.5707862168949,-304.99484068896226,612.0359694683494,-438.22744702966907,-233.5707331694481,421.5270615377759,-749.9326821510786,1197.4644779476066,-704.0070843323671,996.8870838712644,-875.1028783550585,-115.65116974701608,44.073673328786484,1120.8800439164263,173.7293798801853,-884.402192668818,-580.3565644626593,-400.3541516879492,24.631203702208143,-215.818911141381,-211.5551125279413,330.7554011245974,549.5710832375287,-93.58588223007568,-1266.9623597802395,-623.1200481259577,-1030.2098242907853,977.9764314082653,-887.6664928255591,-967.5979323588288,-1445.962190291954,828.3955833394807,657.8897852943741,-277.924521014928,1032.5899518558201,-938.1817955544501,-791.175294733918,-966.8256006571484,461.32198372106393,1226.8021984690158,-538.955640238235,287.47137505698936,-468.0504039408769,1307.3082450657816,-754.5062482397445,-711.2647383818869,-914.3266279540425,-167.0991502454037,-441.3137573912778,-384.6886573301202,1270.4575185799047,683.5115948409582,-616.2175344386175
68.42136842105263,0.24207682852790538,100996.63661001138,13.729982131820766,0.026432123573447718,556.7288997957195,-50.13274202957316,15.85527998072135,23.135058958196772,2.571942003261551,1144.9825284396445,61.678813650309166,629.9162417687882,340.6027654149386,137.06120536615254,0.8224814753419941,-0.03812935265545307,0.46138568907983873,1.3530655469720494,419.6351871414981,1.5486677364404684,0.7452997974903592,-0.3152873325894904,1.341889522388899,214.31486695790724,-578.9522179659866,958.6090864575546,328.6777738496427,254.48540370067647,712.3969478820147,279.29503097304246,0.5098620054048002,573.093828154356,814.903778970918,2.779395805317361,339.062838058934,324.235699390068,415.7125374091224,2.50254105714152,4.526992403100512,-1.8140316706851842,1.4842053844700769,2.093843088885062,2.2637677532655855,562.9344603158506,-111.91469590370926,15.786628329785357,-18.158806502768012,-0.013196613799771117,-0.16186773380581163,0.40695420356314516,411.91479667055927,-555.382378792107,569.3882312834401,-755.5356761507462,639.4231155910699,469.49384870812065,-160.7980640004259,755.9765930258068,334.38523054385377,-536.4218085243094,660.4970430458204,302.6485696767635,-110.20880375081089,-636.5919324882888,579.1157444526015,-68.9641623643941,310.91700761004324,-179.90600771177338,241.43187967646807,291.0984623987683,-538.6538693842732,-956.6949437940499,-641.6194483719511,411.1284490450618,180.5497265458451,460.01033627161434,-687.6774257582499,79.80915795297689,-962.873592522969,-1051.4803930031242,-336.1563073316441,-506.17222388546116,-482.7687527270418,81.11901618196626,2042.0621412960065,1757.3475042885223,-648.7471438137843,-435.4788596779038,-570.6141923115133,58.033976197523344,565.384813410415,1691.9157738738706,746.7974672659674,754.5654174683094,-506.7949706242865,302.1994368114718,716.4990743255925,394.96500118253556,-501.31230478156584,2.374350446423887,66.74066460695296,-9.497182977830592,-609.6488977211944,-574.5578789313388,-599.6266949994641,-42.83595522283293,-794.697670384478,-136.8381013088656,587.6160784518385,-210.0339317999098,508.70073578295575,-582.7478339097609,-208.9152838706142,-550.7846972175814,-330.9338735903234,597.4627507361174,25.455012933217905,553.1001051317405,-784.3867633074387,825.4170864771355,-35.63755957147961,-558.3165653896601,41.32031131396944,736.6053554734323,2821.408349017084,-851.2332974681677,-1324.7767666817836,245.2830927583401,-912.0382894917782,685.3933443868457,-264.0564560018036,1014.9595565640714,-421.297537011379,-74.70681375189113,997.6204247449875,-192.87084880788703,569.2778631763599,-402.956045206908,-357.9742617248658,-483.69939966205493,-660.8399269245333,232.97467429654967,-912.0382894917793,660.8125551099275,-193.79530052090647,946.7172815749951,-414.18929825724337,1688.2500876316699,-178.37692048367367,-313.40646887497917,-286.6054023351837,575.9874651258851,-413.1715402871491,-220.10887953107215,396.49493439032443,-704.0598825878974,1121.5576513326514,-659.3094492889685,935.2923464536447,-825.2148450204821,-113.14159581627885,42.74836198663521,1046.210982427371,162.49426226247496,-833.4198628869634,-542.309564042384,-374.12782219734527,21.71113812269723,-202.14432020229853,-197.95506460880674,311.2246486587107,520.7928897064032,-93.48217291504632,-1192.9217993837347,-588.835309774692,-972.3103709073633,919.802918123885,-835.8974669070981,-913.3711976821747,-1355.270798725115,779.3774891413201,618.7863916367363,-259.0772473223036,966.2545628694359,-876.9262964375112,-742.6590836533879,-911.3025938936036,426.9275854168829,1143.232695936469,-504.8629499905347,267.0694096338065,-438.8914934878067,1225.122742351644,-708.6166773525307,-666.9230737480583,-861.152552549133,-159.47467501242005,-410.7246535556214,-361.39419154707934,1190.7317598541617,639.7831370674925,-578.0857630972174
73.68447368421052,0.22888140591610784,105720.39460516356,12.89504763508863,0.0247850438056468,522.8254262233608,-48.137193904925006,14.951997572129667,21.77424976011306,2.415060249933238,1076.0565244484226,57.51117113008657,592.6960194674364,321.56656024030076,128.91059096476675,0.7723034827174562,-0.037313885716976414,0.4341787413966145,1.271270201670101,394.96118093239977,1.4535272979380462,0.6983789038571212,-0.30755958836237923,1.2585702739392497,200.7548802566851,-545.4732984840584,900.6926765155065,308.21145498068563,238.9116631012358,668.8864332364199,262.34976369858276,0.48192769486478393,539.8058265082032,766.3518431316776,2.613361375667318,320.2336294172414,306.4367590805741,392.6590619130627,2.3513317284501594,4.255497795997479,-1.7182301290471134,1.3945506799975327,1.9585685194760538,2.1255228456263144,528.143575207035,-105.46449335710622,14.860242886985846,-17.1216045583245,-0.01249621696669017,-0.15318893186699906,0.3835494593139727,388.49569041697833,-524.8969368000963,535.8553737588094,-711.3327129005023,599.2114281159353,442.93769831943376,-151.53420565093958,709.4758896924,320.853905984288,-504.56080791923716,619.4973214815335,283.5429990715188,-102.53426662664167,-590.8911893052993,543.2706243406755,-62.57068598479563,294.0642117853883,-168.99033637468162,224.64440528881667,273.7754008271151,-505.3839884860892,-897.8401906580685,-607.1031583315553,385.5325461434063,172.85818721832993,427.252972733337,-645.9277603844176,79.6980610481736,-907.4286443542525,-985.4296228770897,-314.01559594002487,-475.2925091540717,-452.6207552092184,77.98534915779008,1912.1412307573535,1648.6921227916455,-612.2326685940304,-411.31056968140643,-535.6935764540668,55.63772891143684,532.8720550980661,1584.403420489737,703.2936747058627,706.4022852022596,-475.9503255492529,283.0448390914402,671.6419898300996,373.3096579399962,-468.7428097605445,3.6432886887434193,66.33369640003362,-9.300942191393704,-575.1947914331843,-541.0575746690704,-561.0140064597676,-36.56136624039509,-751.2814450529074,-127.8053258379667,545.7461381960528,-201.92801347419967,478.3793951452453,-546.7647521082197,-194.2968953843086,-516.3800276914299,-314.55021012326023,560.3674247059973,22.41079143673254,519.0597974548939,-736.2376200609236,770.2964363412009,-31.65665510329559,-522.7062375175037,40.1475305320964,692.7053313206031,2634.570192639748,-807.9684352628411,-1245.5300369468637,226.0982113361303,-857.6307608881623,642.7096637160694,-247.40439164364068,952.3573480205591,-397.55298898288174,-69.33942849991108,934.4978868006896,-182.6478508266027,537.6471619522322,-380.896628388163,-337.1813740933027,-456.7236745832843,-620.9447626812079,216.16337450205756,-857.6307608881617,619.8313274674657,-181.51035389737697,885.0126113799794,-390.8442569911412,1586.2953349134518,-166.98320847445825,-300.0955892313532,-270.3257618762538,543.8943130214177,-390.7652281506513,-208.09148907626937,374.23205890320946,-663.4443450534569,1054.7056758418212,-619.9512993956358,880.8447245057774,-780.5659665237049,-110.33840351745083,41.38908369588702,980.9148014313646,152.62202302711157,-787.8718835104462,-508.96420783525474,-351.1398863540312,19.313163382977596,-190.09823705482765,-186.00769953918567,293.8403678931255,494.6950914719825,-92.66996034740521,-1126.9241183311308,-558.0279138864869,-920.3872276461424,868.0984134773336,-789.7411376506259,-864.7098458173025,-1275.2815018774181,735.764790600066,584.0186390889749,-242.6441060635312,907.9428528276009,-823.218533859018,-699.7211127890538,-861.6726358314263,397.29894225329366,1070.4006194763485,-474.8354948879979,249.375161547317,-413.149794656791,1152.6579337291364,-667.9503031426684,-627.7762029010861,-813.7201650357908,-152.3796039684418,-384.12758860248533,-340.73503904530116,1120.4168643373978,601.3218851904718,-544.3861921866794
78.94757894736841,0.21704227225805417,109913.47207741553,12.155945516732594,0.02333176281166729,492.8268630352703,-46.24514026125375,14.145495752371726,20.564538608018953,2.2762720381643065,1014.9741271191626,53.871584065322295,559.6292934479225,304.5226895041826,121.67660815879756,0.727913992369129,-0.03641465357585084,0.4099968287350192,1.1988193439823414,373.02531009548835,1.3694342912799122,0.657035965477871,-0.29941603374576736,1.1850264605761214,188.81090718682745,-515.656242754771,849.3923434133213,290.1523327477839,225.14711099623128,630.3956946488684,247.34642219467378,0.4568453557923841,510.1611186774315,723.2649134375793,2.466066231943525,303.3604312589485,290.4601151876276,371.9991639586471,2.217389259247251,4.01473539414683,-1.6317659953543784,1.315153910324427,1.8397772560789591,2.0031907145303505,497.40828595005564,-99.7137382409906,14.035943185881466,-16.19526019395521,-0.011864372533075934,-0.14537045176347824,0.3626593540432185,367.58563516770465,-497.53316816863537,506.05022400945626,-672.0087648823566,563.7986840296417,419.20585131068265,-143.2759734758521,668.3826852809431,308.0390731755129,-476.271087346457,583.3066641525393,266.7050842934182,-95.84353577917612,-551.2960687366023,511.62629123148605,-57.171907834449335,278.89949681718076,-159.32503268071403,210.028540610264,258.3780960284021,-475.99310369710054,-845.8182170268905,-576.0196662266203,362.9347760676483,165.6679587500286,398.82486955193053,-608.9797585349909,79.03650700122158,-857.9963527444594,-927.2229897798271,-294.6200084810613,-447.9748117402462,-426.0162954521498,74.99394205077989,1797.8453803918105,1552.7503469684102,-579.579079848784,-389.6637613860355,-504.8083254492913,53.38475889201979,503.88407421267783,1489.815669297072,664.5594017115034,664.0477223072318,-448.66564896850593,266.2033055770966,632.0829436550599,353.84415596498366,-440.1691023076522,4.602853447891322,65.53988552461817,-9.081720064619878,-544.4116075826396,-511.2484066884633,-527.0913126028322,-31.439840055898834,-712.2764703138347,-119.88916392939639,509.3835501735669,-194.22606598811524,451.4675181141761,-514.9765791183097,-181.58601557139673,-486.0333148294815,-299.618775848325,527.6235300131532,19.87766601433193,488.97096922889136,-693.6511386245638,722.0963447217581,-28.352025910940736,-491.4090641115597,38.92751130063159,653.7280287635377,2471.0372674703003,-768.6959907863578,-1175.2428218724115,209.62215338155934,-809.3484591227357,605.0507897750548,-232.73210469781785,897.0406044780437,-376.315526112163,-64.68851201772362,878.908028133734,-173.44460610635073,509.304686924709,-361.09319424142603,-318.66853096247615,-432.57044162279834,-585.59335872077,201.58815035174686,-809.3484591227358,583.6544995971983,-170.6928691314254,830.9005048100437,-369.96398260662636,1495.970017487544,-156.96571968502187,-287.64335895757006,-255.8083609530056,515.1493024304574,-370.6205234228932,-197.30180584387725,354.3098228749214,-627.2369422450856,995.3787700392985,-585.0294454244149,832.3722235915734,-740.3991033594376,-107.39412096641425,40.03693271707608,923.3234480785771,143.87933092789174,-746.9564587624285,-479.49639830921035,-330.8231497918077,17.317771458985757,-179.4063469659005,-175.427295276243,278.27293029078567,470.95676305833706,-91.39482037744627,-1067.750637187879,-530.2114824499579,-873.595668652778,821.8517616732317,-748.3485827221948,-820.8355886704096,-1204.205980304661,696.7231318522345,552.912746363326,-228.18591145618717,856.2795919955331,-775.7378880110198,-661.4566627103745,-817.0705998278652,371.5106499260022,1006.348900970851,-448.1855393352973,233.88257388856923,-390.2582802404706,1088.2857546876153,-631.6704226230194,-592.963433713882,-771.166104023306,-145.79322486718803,-360.7848010872619,-322.2925025179033,1057.9401706943604,567.2288387913698,-514.3906081201999
84.21068421052631,0.2063617346381852,113660.81364919434,11.497057506697777,0.022039891104137066,466.09329395517676,-44.460923193505074,13.42110932818229,19.482098130312284,2.152609207337596,960.4659260043062,50.665611591063154,530.0574639278726,289.1778494468704,115.21257373650595,0.6883631604686712,-0.03547498350859668,0.3883628790414875,1.1341952536724553,353.3961273939112,1.2945647997942762,0.6203290962736399,-0.2911347143873435,1.11962791424492,178.2100173374174,-488.9308133544678,803.6330201923131,274.09812154111694,212.891659930738,596.101795975687,233.96878041595411,0.4342081608506055,483.59452154022625,684.7686424550548,2.334504065050098,288.1578244387478,276.0447739358317,353.38334305975144,2.0979102813499755,3.7997655918974518,-1.5533863257667064,1.244342514615469,1.7346198397145043,1.8941740959206699,470.05775038375697,-94.55511330582502,13.297846866750273,-15.363119790625769,-0.011291855849419644,-0.1382945434167412,0.34390490472327223,348.803521929876,-472.84377845361865,479.38428089788584,-636.7994517961146,532.3677918431918,397.8736001926995,-135.86863039196177,631.8026949436221,295.9693187986502,-450.98432545413965,551.1232858345064,251.7540190466115,-89.96095610772616,-516.6619126188299,483.4816558813787,-52.56186173144348,265.18959909788396,-150.706676371143,197.1900195146463,244.60596882378442,-449.8389751548511,-799.5028807058678,-547.8976401715518,342.8380112554837,158.96012868805914,373.92441986140574,-576.0463880198229,78.0089777691653,-813.6530725709647,-875.5358394964198,-277.4875106999511,-423.6346881476255,-402.36558594364755,72.15879092881264,1696.5031594692482,1467.4046569276202,-550.2097709581835,-370.166460097024,-477.2960459293335,51.27344726934521,477.8788863816132,1405.942163395601,629.8545173157596,626.5063138644626,-424.35480544084055,251.27506166867522,596.9338587350636,336.2638047352645,-414.895019105001,5.33031845264734,64.4952664252317,-8.850976333766482,-516.7444678585493,-484.55204965049006,-497.05032675344603,-27.211027279553928,-677.058295313872,-112.8949368157033,477.51702449959697,-186.94643270408815,427.4210325215577,-486.68872262149455,-170.43276506163087,-459.0647341391813,-285.9724113551087,498.5056520749718,17.74762334767315,462.18263942729817,-655.7173994185243,679.5874714493577,-25.576037777960707,-463.6795800094539,37.70212496361096,618.8922214976708,2326.6907367522404,-732.9233972226232,-1112.474807716212,195.32818166885713,-766.2123712791426,571.5756794596798,-219.70575714066084,847.8060443292468,-357.21258248624946,-60.62002680463686,829.5755035766662,-165.1167891429321,483.7701565672618,-343.2222319195135,-302.0805810503378,-410.8232644068377,-554.0512950067163,188.83422127291252,-766.2123712791428,551.4812110732285,-161.0943390720432,783.0546335290459,-351.1822658151211,1415.3893630414582,-148.0880972321171,-276.02029711160327,-242.77910681010164,489.26117556735323,-352.41901269837496,-187.56352696499906,336.3821239470184,-594.7607729410491,942.3735231865469,-553.8335843976365,788.9449838372277,-704.0896961792324,-104.40624453783988,38.7160611220644,872.1440468108323,136.08311306907927,-710.0165541059248,-453.26469018328834,-312.7360432018628,15.638039159251331,-169.85260549219004,-165.99078532678334,264.25555510832606,449.29632977413206,-89.82225206076119,-1014.4113676012867,-504.98248563938694,-831.2343800392914,780.2496450058414,-711.0299267702918,-781.0996226650049,-1140.6332208642239,661.5784489273079,524.9254952645692,-215.36457790510386,810.1873573560619,-733.4562334221581,-627.1454873795176,-776.7865933732853,348.8621696775526,949.5713904614558,-424.37253682454497,220.20440424479614,-369.7687178822896,1030.7224321112094,-599.1083652951315,-561.8038846913075,-732.7873797206374,-139.68359552339226,-340.1305963532249,-305.7310552058188,1002.0607737649817,536.7988580375028,-487.521577854505
89.4737894736842,0.19667851042008666,117030.09319971944,10.905986766728924,0.02088389237542881,442.11778769302197,-42.783462123651155,12.766973012438623,18.50785776038866,2.0417208773010587,911.5229406437323,47.82007546763723,503.45420748907276,275.2927589949637,109.40157865695265,0.6528987420966119,-0.03452298756425022,0.36889493581172056,1.0761925852402785,335.728228124093,1.2274765031157748,0.5875177532166302,-0.2828934073737648,1.06108884190306,168.73751402202996,-464.83951944058714,762.5611264374517,259.731671681642,201.90855163560107,565.3526703692279,221.96583138538347,0.41368119639772066,459.6516040691932,650.165920986715,2.216279654051156,274.39239989814627,262.976147030961,336.52593376350904,1.9906682190402907,3.6066536078813005,-1.4820415057950476,1.1807903444727155,1.6408696485771908,1.7964115278371882,445.56147601568,-89.90205829250463,12.633178461759783,-14.611657339135228,-0.010770939463520784,-0.13186304697347623,0.32697835053765734,331.8413996901252,-450.4610687623878,455.38665696226036,-605.0919029994388,504.2784566857959,378.5966867564332,-129.1875196934573,599.0290914637187,284.63550292301113,-428.24664934073104,522.3147472634,238.38966359373526,-84.74995753878595,-486.1129550375629,458.2841219584423,-48.58638414392313,252.74037643021276,-142.97374165782838,185.8243084076953,232.21707316146967,-426.4139556426208,-758.0028922806213,-522.3443988026835,324.8491439011079,152.70661532925834,351.9358278693374,-546.5044772421315,76.74175441666736,-773.6542728214492,-829.3269871636003,-262.24293146024814,-401.8092671001634,-381.202749215506,69.48297934752301,1606.021714395506,1390.9849270131404,-523.6564668396783,-352.5158372426026,-452.6320035409223,49.29797636673087,454.4198662591913,1331.0516933698025,598.5837385276549,592.9986370376976,-402.55435219834135,237.9483492501939,565.4949697213459,320.3151640019271,-392.37787613254153,5.881457435500479,63.29227885911403,-8.61615103169924,-491.74458777881006,-460.50505612333086,-470.2589315159723,-23.683606466393325,-645.1115402873507,-106.67067261479858,449.3671704740697,-180.08665585867678,405.80568775768535,-461.3521868122409,-160.567795336832,-434.93863582326424,-273.46416715969815,472.44154647572157,15.939695065803791,438.17951205906536,-621.7143223049717,641.8159433633331,-23.219542053761536,-438.93601828371067,36.4966298736355,587.5730458817765,2198.3310571439783,-700.2272151200544,-1056.0791404138456,182.8163329209321,-727.4414961054621,541.621659679419,-208.06267800597476,803.7017459853778,-339.94091993758343,-57.03132519620735,785.4980219662638,-157.54598929443688,460.6509233981982,-327.0180256678176,-287.1324298781605,-391.14283868489264,-525.734300028012,177.58281565338226,-727.441496105462,522.6797660653775,-152.51943818238522,740.44176873261,-334.20101802764975,1343.055434296042,-140.16540609561895,-265.1799490760316,-231.01861239876473,465.82884301762914,-335.8976942826339,-178.73200848114394,320.1668772874323,-565.4699565920997,894.730234968597,-525.7974084437317,749.8160384703684,-671.119936511287,-101.43699638092511,37.4402033489435,826.3586608263604,129.08775442578082,-676.5102682174266,-429.762173939228,-296.52954886488095,14.209477310674016,-161.26456533793785,-157.52137762035028,251.57039566223725,429.46921212610664,-88.06517142655667,-966.0953706438928,-482.00435677692724,-792.7188604249798,742.631110451725,-677.2198640230778,-744.9596049428604,-1083.4350242491498,629.7810822064482,499.614667445116,-203.91545429846332,768.8099341441009,-695.5608654484523,-596.2073824046364,-740.2344477208579,328.81347119363824,898.889451769684,-402.96566454807254,208.03926478849476,-351.32212620706736,978.9420566320313,-569.7237703634229,-533.7519587730446,-698.0070556696725,-134.01460756751644,-321.7237536480377,-290.7789631254935,951.786469201945,509.47101130809807,-463.315466609409
94.7368947368421,0.18785976711992136,120075.90624222378,10.372767569297423,0.01984335827172156,420.4934617046711,-41.20873213411511,12.173388833029705,17.626373819664632,1.9417205044164492,867.3329653182296,45.277393498607374,479.3938484834915,262.67049414942323,104.14928256359173,0.6209171154608363,-0.03357687454777339,0.35128362897332926,1.0238417991854085,319.74183885041106,1.167013600265943,0.5580115320957306,-0.2748046353706344,1.0083812204749902,160.22218008229748,-443.0110020877959,725.4901958094914,246.79952748068362,192.00838187978871,537.6248912499633,211.13577680125925,0.3949867730732583,437.9629269116144,618.8940937111787,2.109460944671908,261.87167658100475,251.0764893843258,321.19143985544997,1.8938719452692678,3.4322263616427007,-1.4168487981355544,1.1234320123650516,1.5567611241393557,1.7082460508063961,423.49441505770204,-85.68401608253038,12.031551942066457,-13.929786371222141,-0.010295126236307893,-0.12599375444217628,0.31162752749607187,316.44779423587113,-430.08051234723905,433.67611124457477,-576.3890479334233,479.0215222611414,361.09327297818805,-123.13112254354704,569.4957004206105,274.00827670415316,-407.69122409662714,496.375373368781,226.37228220144345,-80.10284158152822,-458.9678317324011,435.5920819321732,-45.12805134840733,241.38950618011603,-135.99633196337646,175.6925071952302,221.01468903154026,-405.3114370617012,-720.6035722170182,-499.0312658846329,308.65326983011755,146.87565260283884,332.37833950039743,-519.8539916892177,75.3222851423751,-737.3933386687182,-787.7664856675794,-248.58984919018468,-382.1271196642247,-362.15493270489867,66.96341169135415,1524.7376215445295,1322.1557511850451,-499.53518408387816,-336.4629923272887,-430.3950835183895,47.45048389309603,433.1514119639438,1263.7685058032116,570.2630457024424,562.9055016387427,-382.89285802574466,225.97625941055296,537.2073498747319,305.7865197478699,-372.18823701441,6.297186350158107,61.99439407329577,-8.382073749375309,-469.0451519483335,-438.73166035277455,-446.21554296817055,-20.7144920400418,-616.0080354909377,-101.09601940115601,424.32392453742614,-173.63266880701386,386.2707028943115,-438.52726238255315,-151.7804021753833,-413.22716979987786,-261.96582724797383,448.97364418031765,14.392233176499996,416.5483430306495,-591.0616755376121,608.0301566972834,-21.200391059263165,-416.7174285902866,35.325930079462815,559.2649146071681,2083.43445199546,-670.2441020536103,-1005.1312041807237,171.77773628611965,-692.4052154574055,514.6593862578692,-197.5933368472984,763.9647402656497,-324.25148467356837,-53.8424869276731,745.8768664086588,-150.63413739975053,439.6232673275842,-312.2606234874933,-273.5925889656678,-373.2501642972444,-500.17176141175275,167.58503671316893,-692.4052154574059,496.74508504221075,-144.81250434104894,702.2447917117956,-318.7754003388199,1277.762639405991,-133.0508189669005,-255.06877117058642,-220.34900898039965,444.52198389043554,-320.83788095415434,-170.68760234891255,305.4321366775295,-538.919607819848,851.6741739188973,-500.4638686618736,714.3785881938679,-641.0580480780964,-98.52564814167204,36.216618365158,785.1546645889927,122.77600640213974,-645.9876333924095,-408.5828562225684,-281.9240867854735,12.98339586457038,-153.5029181997467,-149.87708648187873,240.0380398776189,411.26388361856544,-86.20130652949221,-922.1329843787136,-460.9947958033227,-757.5595908807301,708.4538863465798,-646.4514166458629,-711.9603149718833,-1031.698546832907,600.8788460847481,476.61697400297294,-193.62831422672545,731.4582381038709,-661.4006750308109,-568.1699110324346,-706.9269585544673,310.9415746279236,853.3671483321402,-383.61727342973523,197.14906356454244,-334.6276257153902,932.1149419556724,-543.0754847554371,-508.3653939072353,-666.3479618891666,-128.74970911877438,-305.21495360155313,-277.21398880840246,906.3144472797351,484.7934594370206,-441.39579481855753
100.0,0.17979514891670723,122842.79316590617,9.889296868226348,0.018901780332268907,400.8898991053735,-39.7312136149428,11.632356139643761,16.825006882180926,1.8510763744391063,827.2347490485677,42.99163371824878,457.52839398196727,251.14765179876645,99.3787087717525,0.5919282203479832,-0.03264831612429318,0.33527574485889194,0.9763540992804602,305.2079479630061,1.1122388743259441,0.5313338681880271,-0.2669379578277625,0.9606731366478207,152.52579515600786,-423.1406402738206,691.8618063178267,235.09666845871197,183.03775808723253,512.4933953070471,201.3145177423577,0.37789302854913726,418.2251233517734,590.494008987758,2.0124721557713956,250.43566122508855,240.1975096937981,307.1841535327068,1.8060641290668003,3.273896669679942,-1.3570623780528308,1.0714015637249759,1.4808760374219458,1.628330682589502,403.5119885482616,-81.84291837272376,11.484441186124458,-13.308341764826366,-0.009858928910043098,-0.12061746062863622,0.29764407101345897,302.4153743398871,-411.4480711797549,413.9406957495378,-550.2835359301536,456.18684537559926,345.13050738559673,-117.61594564645463,542.743587545814,264.04823443655147,-389.01835432981716,472.89593519129494,215.50808881937584,-75.93358948021252,-434.68853133672997,415.04827828513345,-42.09602575441659,231.00056300759607,-129.6687939089432,166.6046076715928,210.83736288624692,-386.2018709764413,-686.7251342952205,-477.68170420005373,293.99518516369824,141.4348183584298,314.8712282477607,-495.6889328198289,73.81164554842488,-704.3711841024683,-750.1844776647084,-236.2909243070447,-364.2866890052828,-344.9202118624537,64.59361573828998,1451.3117614521625,1259.8363073747325,-477.52824579514106,-321.8015491447233,-410.243386984949,45.72229330046521,413.78103558432474,1202.9851877714123,544.4949694907635,535.7286652504603,-365.0690386540605,215.16057073481693,511.6191284227542,292.5001200445169,-353.9817439323478,6.607956363932477,60.64549661180277,-8.151853435779,-448.3434692098587,-418.9239668697227,-424.5169936949904,-18.1949906855984,-589.3897067399015,-96.07443754450824,401.9031295862328,-167.56428336393375,368.5296467898173,-417.8575822378648,-143.90340370267307,-393.584414930576,-251.36587498349954,427.7316352553341,13.057638424711254,396.95384787474404,-563.2879344598188,577.6297772667899,-19.455770193492743,-396.65367779156804,34.1984007911007,533.5544564847017,1979.9830599479972,-642.6621019015658,-958.8772104262391,161.97027294298258,-660.5887742815715,490.2608304978118,-188.12853763123113,727.9763198908744,-309.937986233524,-50.99037060203993,710.0676312323524,-144.29932200960758,420.4181600249278,-298.766592980697,-261.2711504787911,-356.91386878710574,-476.98037804395244,158.64379400618142,-660.5887742815719,473.2684157974444,-137.8479479752166,667.8088291852551,-304.7026045666493,1218.5296699919438,-126.62624832491876,-245.63161594354827,-210.62445594616713,425.06633313849653,-307.0565231497051,-163.3305685970667,291.9855940008922,-514.7436434308814,812.5730494752027,-477.4600328061756,682.1346801798787,-613.5418329520828,-95.69636836140694,35.04852084387598,747.8753175483083,117.05241339424792,-618.0724997199156,-389.39767021904197,-268.69301803772555,11.922456485146945,-146.45390581208972,-142.94253097038154,229.50953271461998,394.4976043410764,-84.28445483123265,-881.9669325511869,-441.715663271724,-725.3444172363797,677.2691400780943,-618.3358558718659,-681.7178220611754,-984.6772668922936,574.4966509417692,455.63142145519305,-184.33398635123737,697.571383431994,-630.4477515221267,-542.6446083930788,-676.4565001173503,294.91048220869084,812.2515873894076,-366.0437066999172,187.34320723525946,-319.44702856214076,889.5628570403517,-518.7999592195754,-485.28194234369386,-637.4124883931476,-123.85380572999199,-290.3239565531833,-264.8527212436983,864.9881776431905,462.3981362952809,-421.4537244088508
